benchmark,fork,iteration,ops_per_sec
B01_lambdaMetafactoryConstructor,1,1,215082.745
B01_lambdaMetafactoryConstructor,1,2,215150.194
B01_lambdaMetafactoryConstructor,1,3,217507.649
B01_lambdaMetafactoryConstructor,1,4,218547.043
B01_lambdaMetafactoryConstructor,1,5,219408.194
B01_lambdaMetafactoryConstructor,1,6,218953.319
B01_lambdaMetafactoryConstructor,1,7,217006.040
B01_lambdaMetafactoryConstructor,1,8,216863.597
B01_lambdaMetafactoryConstructor,1,9,219428.656
B01_lambdaMetafactoryConstructor,1,10,219450.786
B01_lambdaMetafactoryConstructor,2,1,217648.000
B01_lambdaMetafactoryConstructor,2,2,217143.944
B01_lambdaMetafactoryConstructor,2,3,216503.363
B01_lambdaMetafactoryConstructor,2,4,216497.684
B01_lambdaMetafactoryConstructor,2,5,210786.643
B01_lambdaMetafactoryConstructor,2,6,213179.150
B01_lambdaMetafactoryConstructor,2,7,214020.681
B01_lambdaMetafactoryConstructor,2,8,219279.582
B01_lambdaMetafactoryConstructor,2,9,222324.054
B01_lambdaMetafactoryConstructor,2,10,220635.988
B01_lambdaMetafactoryConstructor,3,1,217191.775
B01_lambdaMetafactoryConstructor,3,2,216700.940
B01_lambdaMetafactoryConstructor,3,3,217724.666
B01_lambdaMetafactoryConstructor,3,4,216842.540
B01_lambdaMetafactoryConstructor,3,5,217862.067
B01_lambdaMetafactoryConstructor,3,6,218249.113
B01_lambdaMetafactoryConstructor,3,7,216595.014
B01_lambdaMetafactoryConstructor,3,8,217396.643
B01_lambdaMetafactoryConstructor,3,9,222742.202
B01_lambdaMetafactoryConstructor,3,10,220372.062
B01_lambdaMetafactoryConstructor,4,1,217667.122
B01_lambdaMetafactoryConstructor,4,2,217822.911
B01_lambdaMetafactoryConstructor,4,3,216454.064
B01_lambdaMetafactoryConstructor,4,4,217661.002
B01_lambdaMetafactoryConstructor,4,5,216791.810
B01_lambdaMetafactoryConstructor,4,6,216469.036
B01_lambdaMetafactoryConstructor,4,7,215055.167
B01_lambdaMetafactoryConstructor,4,8,217488.454
B01_lambdaMetafactoryConstructor,4,9,221395.033
B01_lambdaMetafactoryConstructor,4,10,220730.095
B01_lambdaMetafactoryConstructor,5,1,215657.491
B01_lambdaMetafactoryConstructor,5,2,217125.756
B01_lambdaMetafactoryConstructor,5,3,217520.687
B01_lambdaMetafactoryConstructor,5,4,217846.646
B01_lambdaMetafactoryConstructor,5,5,217831.076
B01_lambdaMetafactoryConstructor,5,6,218153.339
B01_lambdaMetafactoryConstructor,5,7,218697.338
B01_lambdaMetafactoryConstructor,5,8,212932.370
B01_lambdaMetafactoryConstructor,5,9,221176.422
B01_lambdaMetafactoryConstructor,5,10,220927.155
B02_reflectionConstructor,1,1,214918.912
B02_reflectionConstructor,1,2,214734.918
B02_reflectionConstructor,1,3,215606.582
B02_reflectionConstructor,1,4,214904.163
B02_reflectionConstructor,1,5,214421.425
B02_reflectionConstructor,1,6,214768.497
B02_reflectionConstructor,1,7,216438.003
B02_reflectionConstructor,1,8,215249.772
B02_reflectionConstructor,1,9,217283.768
B02_reflectionConstructor,1,10,216924.126
B02_reflectionConstructor,2,1,214464.267
B02_reflectionConstructor,2,2,216156.578
B02_reflectionConstructor,2,3,215139.853
B02_reflectionConstructor,2,4,214730.680
B02_reflectionConstructor,2,5,213494.219
B02_reflectionConstructor,2,6,214762.533
B02_reflectionConstructor,2,7,216010.948
B02_reflectionConstructor,2,8,216339.795
B02_reflectionConstructor,2,9,217572.701
B02_reflectionConstructor,2,10,217001.268
B02_reflectionConstructor,3,1,214472.284
B02_reflectionConstructor,3,2,214060.885
B02_reflectionConstructor,3,3,215159.207
B02_reflectionConstructor,3,4,215025.160
B02_reflectionConstructor,3,5,212505.665
B02_reflectionConstructor,3,6,214832.476
B02_reflectionConstructor,3,7,216061.916
B02_reflectionConstructor,3,8,214404.282
B02_reflectionConstructor,3,9,217780.212
B02_reflectionConstructor,3,10,215726.697
B02_reflectionConstructor,4,1,214691.429
B02_reflectionConstructor,4,2,216135.540
B02_reflectionConstructor,4,3,211148.183
B02_reflectionConstructor,4,4,216421.295
B02_reflectionConstructor,4,5,213592.908
B02_reflectionConstructor,4,6,215002.665
B02_reflectionConstructor,4,7,215387.607
B02_reflectionConstructor,4,8,216804.552
B02_reflectionConstructor,4,9,210652.865
B02_reflectionConstructor,4,10,186390.468
B02_reflectionConstructor,5,1,214576.349
B02_reflectionConstructor,5,2,214469.503
B02_reflectionConstructor,5,3,214710.845
B02_reflectionConstructor,5,4,214125.492
B02_reflectionConstructor,5,5,212584.177
B02_reflectionConstructor,5,6,215633.757
B02_reflectionConstructor,5,7,215381.681
B02_reflectionConstructor,5,8,215621.129
B02_reflectionConstructor,5,9,217025.961
B02_reflectionConstructor,5,10,216178.020
B03_methodHandleConstructor,1,1,155301.647
B03_methodHandleConstructor,1,2,155398.201
B03_methodHandleConstructor,1,3,153574.873
B03_methodHandleConstructor,1,4,152498.847
B03_methodHandleConstructor,1,5,155063.102
B03_methodHandleConstructor,1,6,156097.390
B03_methodHandleConstructor,1,7,156539.690
B03_methodHandleConstructor,1,8,155362.779
B03_methodHandleConstructor,1,9,150094.278
B03_methodHandleConstructor,1,10,149005.922
B03_methodHandleConstructor,2,1,155788.434
B03_methodHandleConstructor,2,2,153127.863
B03_methodHandleConstructor,2,3,155596.597
B03_methodHandleConstructor,2,4,150684.405
B03_methodHandleConstructor,2,5,148415.973
B03_methodHandleConstructor,2,6,152489.971
B03_methodHandleConstructor,2,7,156489.228
B03_methodHandleConstructor,2,8,156371.633
B03_methodHandleConstructor,2,9,154818.444
B03_methodHandleConstructor,2,10,154474.611
B03_methodHandleConstructor,3,1,156126.447
B03_methodHandleConstructor,3,2,156046.576
B03_methodHandleConstructor,3,3,155848.019
B03_methodHandleConstructor,3,4,156114.389
B03_methodHandleConstructor,3,5,155770.748
B03_methodHandleConstructor,3,6,156732.939
B03_methodHandleConstructor,3,7,156240.182
B03_methodHandleConstructor,3,8,156585.353
B03_methodHandleConstructor,3,9,154307.496
B03_methodHandleConstructor,3,10,153681.223
B03_methodHandleConstructor,4,1,155898.844
B03_methodHandleConstructor,4,2,155846.415
B03_methodHandleConstructor,4,3,155009.387
B03_methodHandleConstructor,4,4,155835.082
B03_methodHandleConstructor,4,5,155456.288
B03_methodHandleConstructor,4,6,156149.116
B03_methodHandleConstructor,4,7,156384.765
B03_methodHandleConstructor,4,8,154464.064
B03_methodHandleConstructor,4,9,143774.391
B03_methodHandleConstructor,4,10,150075.782
B03_methodHandleConstructor,5,1,156058.279
B03_methodHandleConstructor,5,2,155293.446
B03_methodHandleConstructor,5,3,155591.448
B03_methodHandleConstructor,5,4,156230.693
B03_methodHandleConstructor,5,5,154572.363
B03_methodHandleConstructor,5,6,157055.883
B03_methodHandleConstructor,5,7,156128.619
B03_methodHandleConstructor,5,8,156678.696
B03_methodHandleConstructor,5,9,153871.875
B03_methodHandleConstructor,5,10,154422.682
B04_allArgsConstructor,1,1,212281.585
B04_allArgsConstructor,1,2,216199.336
B04_allArgsConstructor,1,3,207644.198
B04_allArgsConstructor,1,4,209307.954
B04_allArgsConstructor,1,5,217791.435
B04_allArgsConstructor,1,6,207113.416
B04_allArgsConstructor,1,7,203168.108
B04_allArgsConstructor,1,8,218415.438
B04_allArgsConstructor,1,9,221193.709
B04_allArgsConstructor,1,10,219830.888
B04_allArgsConstructor,2,1,219093.079
B04_allArgsConstructor,2,2,212496.400
B04_allArgsConstructor,2,3,216467.304
B04_allArgsConstructor,2,4,214659.407
B04_allArgsConstructor,2,5,215888.298
B04_allArgsConstructor,2,6,218554.978
B04_allArgsConstructor,2,7,217591.111
B04_allArgsConstructor,2,8,217274.795
B04_allArgsConstructor,2,9,203349.568
B04_allArgsConstructor,2,10,220138.722
B04_allArgsConstructor,3,1,216801.072
B04_allArgsConstructor,3,2,214348.789
B04_allArgsConstructor,3,3,216133.975
B04_allArgsConstructor,3,4,214125.479
B04_allArgsConstructor,3,5,218425.385
B04_allArgsConstructor,3,6,217435.883
B04_allArgsConstructor,3,7,215702.130
B04_allArgsConstructor,3,8,216476.480
B04_allArgsConstructor,3,9,220862.974
B04_allArgsConstructor,3,10,221974.000
B04_allArgsConstructor,4,1,205276.173
B04_allArgsConstructor,4,2,216714.063
B04_allArgsConstructor,4,3,215073.245
B04_allArgsConstructor,4,4,215081.883
B04_allArgsConstructor,4,5,215465.761
B04_allArgsConstructor,4,6,216416.529
B04_allArgsConstructor,4,7,217530.758
B04_allArgsConstructor,4,8,215817.134
B04_allArgsConstructor,4,9,219976.206
B04_allArgsConstructor,4,10,221483.935
B04_allArgsConstructor,5,1,215121.368
B04_allArgsConstructor,5,2,218135.696
B04_allArgsConstructor,5,3,215517.683
B04_allArgsConstructor,5,4,214145.065
B04_allArgsConstructor,5,5,215403.029
B04_allArgsConstructor,5,6,218716.948
B04_allArgsConstructor,5,7,215504.335
B04_allArgsConstructor,5,8,208028.078
B04_allArgsConstructor,5,9,205534.633
B04_allArgsConstructor,5,10,207307.591
B05_lambdaMetafactoryWithSetters,1,1,216733.139
B05_lambdaMetafactoryWithSetters,1,2,207264.539
B05_lambdaMetafactoryWithSetters,1,3,206633.643
B05_lambdaMetafactoryWithSetters,1,4,214761.642
B05_lambdaMetafactoryWithSetters,1,5,218976.363
B05_lambdaMetafactoryWithSetters,1,6,214389.896
B05_lambdaMetafactoryWithSetters,1,7,214097.042
B05_lambdaMetafactoryWithSetters,1,8,215246.599
B05_lambdaMetafactoryWithSetters,1,9,211421.497
B05_lambdaMetafactoryWithSetters,1,10,213756.694
B05_lambdaMetafactoryWithSetters,2,1,214556.535
B05_lambdaMetafactoryWithSetters,2,2,215544.406
B05_lambdaMetafactoryWithSetters,2,3,216267.530
B05_lambdaMetafactoryWithSetters,2,4,216555.868
B05_lambdaMetafactoryWithSetters,2,5,215720.587
B05_lambdaMetafactoryWithSetters,2,6,215414.067
B05_lambdaMetafactoryWithSetters,2,7,214740.713
B05_lambdaMetafactoryWithSetters,2,8,217734.922
B05_lambdaMetafactoryWithSetters,2,9,219412.958
B05_lambdaMetafactoryWithSetters,2,10,220764.433
B05_lambdaMetafactoryWithSetters,3,1,215637.064
B05_lambdaMetafactoryWithSetters,3,2,216087.261
B05_lambdaMetafactoryWithSetters,3,3,215829.150
B05_lambdaMetafactoryWithSetters,3,4,215985.638
B05_lambdaMetafactoryWithSetters,3,5,217006.893
B05_lambdaMetafactoryWithSetters,3,6,218217.728
B05_lambdaMetafactoryWithSetters,3,7,217852.343
B05_lambdaMetafactoryWithSetters,3,8,216664.692
B05_lambdaMetafactoryWithSetters,3,9,219256.407
B05_lambdaMetafactoryWithSetters,3,10,221003.574
B05_lambdaMetafactoryWithSetters,4,1,218158.135
B05_lambdaMetafactoryWithSetters,4,2,214786.812
B05_lambdaMetafactoryWithSetters,4,3,216385.165
B05_lambdaMetafactoryWithSetters,4,4,213993.781
B05_lambdaMetafactoryWithSetters,4,5,212613.756
B05_lambdaMetafactoryWithSetters,4,6,216881.205
B05_lambdaMetafactoryWithSetters,4,7,217725.133
B05_lambdaMetafactoryWithSetters,4,8,214958.536
B05_lambdaMetafactoryWithSetters,4,9,220175.583
B05_lambdaMetafactoryWithSetters,4,10,220695.883
B05_lambdaMetafactoryWithSetters,5,1,219145.240
B05_lambdaMetafactoryWithSetters,5,2,217482.621
B05_lambdaMetafactoryWithSetters,5,3,216365.728
B05_lambdaMetafactoryWithSetters,5,4,219646.670
B05_lambdaMetafactoryWithSetters,5,5,218545.171
B05_lambdaMetafactoryWithSetters,5,6,218848.054
B05_lambdaMetafactoryWithSetters,5,7,217473.958
B05_lambdaMetafactoryWithSetters,5,8,218052.859
B05_lambdaMetafactoryWithSetters,5,9,220647.352
B05_lambdaMetafactoryWithSetters,5,10,220516.803
B06_methodHandleWithSetters,1,1,58757.529
B06_methodHandleWithSetters,1,2,58729.443
B06_methodHandleWithSetters,1,3,58946.473
B06_methodHandleWithSetters,1,4,58798.763
B06_methodHandleWithSetters,1,5,58595.424
B06_methodHandleWithSetters,1,6,58832.367
B06_methodHandleWithSetters,1,7,58952.975
B06_methodHandleWithSetters,1,8,58791.843
B06_methodHandleWithSetters,1,9,58013.471
B06_methodHandleWithSetters,1,10,58433.524
B06_methodHandleWithSetters,2,1,59443.926
B06_methodHandleWithSetters,2,2,59434.245
B06_methodHandleWithSetters,2,3,59485.166
B06_methodHandleWithSetters,2,4,59276.134
B06_methodHandleWithSetters,2,5,59526.647
B06_methodHandleWithSetters,2,6,58913.183
B06_methodHandleWithSetters,2,7,59451.954
B06_methodHandleWithSetters,2,8,59455.141
B06_methodHandleWithSetters,2,9,58963.658
B06_methodHandleWithSetters,2,10,58792.250
B06_methodHandleWithSetters,3,1,59470.630
B06_methodHandleWithSetters,3,2,59187.478
B06_methodHandleWithSetters,3,3,59482.518
B06_methodHandleWithSetters,3,4,59419.329
B06_methodHandleWithSetters,3,5,59481.848
B06_methodHandleWithSetters,3,6,59578.794
B06_methodHandleWithSetters,3,7,59482.997
B06_methodHandleWithSetters,3,8,59137.917
B06_methodHandleWithSetters,3,9,58730.587
B06_methodHandleWithSetters,3,10,59176.082
B06_methodHandleWithSetters,4,1,59422.692
B06_methodHandleWithSetters,4,2,59277.389
B06_methodHandleWithSetters,4,3,59368.033
B06_methodHandleWithSetters,4,4,59314.989
B06_methodHandleWithSetters,4,5,59375.296
B06_methodHandleWithSetters,4,6,59338.065
B06_methodHandleWithSetters,4,7,59266.776
B06_methodHandleWithSetters,4,8,59283.229
B06_methodHandleWithSetters,4,9,58722.069
B06_methodHandleWithSetters,4,10,58816.569
B06_methodHandleWithSetters,5,1,59467.592
B06_methodHandleWithSetters,5,2,59344.919
B06_methodHandleWithSetters,5,3,59098.797
B06_methodHandleWithSetters,5,4,59282.852
B06_methodHandleWithSetters,5,5,59350.862
B06_methodHandleWithSetters,5,6,59585.235
B06_methodHandleWithSetters,5,7,59237.552
B06_methodHandleWithSetters,5,8,59373.164
B06_methodHandleWithSetters,5,9,58848.600
B06_methodHandleWithSetters,5,10,58890.931
B07_noArgConstructorWithSetters,1,1,216083.073
B07_noArgConstructorWithSetters,1,2,218142.292
B07_noArgConstructorWithSetters,1,3,216718.220
B07_noArgConstructorWithSetters,1,4,216032.414
B07_noArgConstructorWithSetters,1,5,214293.570
B07_noArgConstructorWithSetters,1,6,217021.975
B07_noArgConstructorWithSetters,1,7,216641.255
B07_noArgConstructorWithSetters,1,8,217858.849
B07_noArgConstructorWithSetters,1,9,219651.355
B07_noArgConstructorWithSetters,1,10,220975.143
B07_noArgConstructorWithSetters,2,1,214029.036
B07_noArgConstructorWithSetters,2,2,214607.193
B07_noArgConstructorWithSetters,2,3,214015.512
B07_noArgConstructorWithSetters,2,4,216170.574
B07_noArgConstructorWithSetters,2,5,216927.657
B07_noArgConstructorWithSetters,2,6,211255.781
B07_noArgConstructorWithSetters,2,7,180552.337
B07_noArgConstructorWithSetters,2,8,171519.706
B07_noArgConstructorWithSetters,2,9,190186.301
B07_noArgConstructorWithSetters,2,10,213417.880
B07_noArgConstructorWithSetters,3,1,217017.253
B07_noArgConstructorWithSetters,3,2,217383.326
B07_noArgConstructorWithSetters,3,3,214956.977
B07_noArgConstructorWithSetters,3,4,218883.004
B07_noArgConstructorWithSetters,3,5,216760.452
B07_noArgConstructorWithSetters,3,6,218224.763
B07_noArgConstructorWithSetters,3,7,219056.186
B07_noArgConstructorWithSetters,3,8,214750.307
B07_noArgConstructorWithSetters,3,9,219667.465
B07_noArgConstructorWithSetters,3,10,221596.416
B07_noArgConstructorWithSetters,4,1,217190.285
B07_noArgConstructorWithSetters,4,2,215696.776
B07_noArgConstructorWithSetters,4,3,215793.567
B07_noArgConstructorWithSetters,4,4,218176.106
B07_noArgConstructorWithSetters,4,5,217173.385
B07_noArgConstructorWithSetters,4,6,216729.868
B07_noArgConstructorWithSetters,4,7,217927.931
B07_noArgConstructorWithSetters,4,8,215386.658
B07_noArgConstructorWithSetters,4,9,219340.218
B07_noArgConstructorWithSetters,4,10,221725.242
B07_noArgConstructorWithSetters,5,1,216797.309
B07_noArgConstructorWithSetters,5,2,215512.782
B07_noArgConstructorWithSetters,5,3,214408.497
B07_noArgConstructorWithSetters,5,4,215401.206
B07_noArgConstructorWithSetters,5,5,216413.548
B07_noArgConstructorWithSetters,5,6,217025.528
B07_noArgConstructorWithSetters,5,7,217517.434
B07_noArgConstructorWithSetters,5,8,215624.341
B07_noArgConstructorWithSetters,5,9,209493.943
B07_noArgConstructorWithSetters,5,10,219398.398
